DSASNY	IRSNVGE	AATDTGGTSYGKLT	LGHDT	YNNKEL	ASSQAYPSGAQASTDTQY
DSSSTY	IFSNMDM	ADLAQGTLT	PRHDT	FYEKMQ	ASSSPGENTGELF
VSGNPY	YITGDNLV	AVRDFSGAGSYQLT	SGDLS	YYNGEE	ASSVVGGGAEEQF
DSAIYN	IQSSQRE	ADSPDNYGQNFV	MDHEN	SYDVKM	ASSFGTTSSGGELF
ATGYPS	ATKADDK	ALSDVWGFGNEKLT	SNHLY	FYNNEI	ASNAGTGHPNEKLF
NIATNDY	GYKTK	LVGDRTRAAGNKLT	SGDLS	YYNGEE	ASSVVGGYEQF
TISGNEY	GLKNN	IGAGNMLT	KGHDR	SFDVKD	ATSDRDRPNYGYT
TTSDR	LLSNGAV	AVDTLVGAQKLV	SGHNT	YYREEE	ASSLDGADTQY
DSAIYN	IQSSQRE	AVDLMKTSYDKVI	KGHDR	SFDVKD	ATSATDNTGELF
TISGTDY	GLTSN	ILRDVSGGGFKTI	DFQATT	SNEGSKA	SARDEGTGIGREKLF
TSGFNG	NVLDGL	AVRRNDYKLS	PRHDT	FYEKMQ	ASSSSGGYNEQF
DSVNN	IPSGT	AVGSPGGGGGADGLT	MNHEY	SVGAGI	ASSYQPRDEQF
DSAIYN	IQSSQRE	AVDDYKLS	SGHTA	FQGNSA	ASSPWGSGNYEQY
NIATNDY	GYKTK	LVGPLSGAGSYQLT	KGHDR	SFDVKD	ATSDRLAGGELF
TSGFYG	NALDGL	VLDSNYQLI	SGHNT	YYREEE	ASSLEWGWPPYYEQY
VSGNPY	YITGDNLV	AVRDNFNKFY	SEHNR	FQNEAQ	ANSLVTDTQY
SSVPPY	YTSAATLV	AVSAFGTSGSRLT	MDHEN	SYDVKM	ASTPVAGPPIYEQF
DSSSTY	IFSNMDM	ATKAAGNKLT	MNHNS	SASEGT	ASSGGSGRAYNEQF
NSAFQY	TYSSGN	AVNSNYGGSQGNLI	MNHEY	SMNVEV	ASSTGTGNNEQF
YGATPY	YFSGDTLV	AVGRGSQGNLI	MNHEY	SMNVEV	ASSPRLAFSSSYNEQF
VSGNPY	YITGDNLV	AVRPPPSSGGYQKVT	LNHDA	SQIVND	ASSITWTGNMNTEAF
NSAFQY	TYSSGN	AMSGGLNTGNQFY	SGHRS	YFSETQ	ASSLAGEQF
SSVPPY	YTSAATLV	AVTAGGGKLI	MGHRA	YSYEKL	ASSPPGQETQY
SSNFYA	MTLNGDE	APVSGYALN	MNHNS	SASEGT	ASSEGPLTGPYEQY
TTSDR	LLSNGAV	AVDNARLM	SQVTM	ANQGSEA	SVDEGSRYEQY
TSGFNG	NVLDGL	AVRDQAGTALI	SGDLS	YYNGEE	ASSPHGTADNNYGYT
DSVNN	IPSGT	AVEPLYGNKLV	SGDLS	YYNGEE	ASSVGVSYEQY
SVFSS	VVTGGEV	AGEGDYKLS	LNHDA	SQIVND	ASSRDFQETQY
SVFSS	VVTGGEV	AGAYLNAGGTSYGKLT	LGHDT	YNNKEL	ASSQFPEQY
TSENNYY	QEAYKQQN	VHRSGTYKYI	GTSNPN	SVGIG	AWSVLGQNSNQPQH
TSINN	IRSNERE	ATDVGASGNTGKLI	DFQATT	SNEGSKA	SASTPGLAGASTDTQY
TISGTDY	GLTSN	ILNSNSGYALN	LGHNA	YSLEER	ASSPVSVLSNTGELF
KALYS	LLKGGEQ	GTVTNAGGTSYGKLT	MNHEY	SMNVEV	ASSLGGFSYNEQF
DRGSQS	IYSNGD	AVNWEEQGGSYIPT	DFQATT	SNEGSKA	SAPARSEPYEQY
NSASQS	VYSSG	VVNTRHNNNDMR	SGHDY	FNNNVP	ASSFIAPPSDTQY
TSENNYY	QEAYKQQN	AFMILYTGANSKLT	MGHRA	YSYEKL	ASSQASGTSVEDTGELF
TRDTTYY	RNSFDEQN	ALSVIKAAGNKLT	MNHNY	SVGAGI	ASRTGLASTDTQY
