410	TSGFNG	NVLDGL	AVRPLRNTPLV	DFQATT	SNEGSKA	SARDRAGQGADGYT	HPVTKYIM
923	TTLSN	LVKSGEV	AGEAGSYQLT	SGHAT	FQNNGV	ASSLDQGHEQF	TTDPSFLGRY
1748	TISGTDY	GLTSN	ILRDRTSGTYKYI	SNHLY	FYNNEI	ASSEGPLNTEAF	HPVTKYIM
2121	VSGLRG	LYSAGEE	AVRGTGNQFY	SGDLS	YYNGEE	ASSTQGAIPMNTEAF	KTFPPTEPK
2240	VTNFRS	LTSSGIE	AVVFWLDTGTASKLT	ENHRY	SYGVKD	AISVGESSYNEQF	TTDPSFLGRY
2367	DRGSQS	IYSNGD	AVAVGVSGGGADGLT	SGHAT	FQNNGV	ASSSGGPFYEQY	GILGFVFTL
3975	TSGFNG	NVLDGL	AVTDSNYQLI	LGHNA	YSLEER	ASSQEGGGMYNEQF	AVFDRKSDAK
5922	DRGSQS	IYSNGD	AVKSGGSYIPT	MNHEY	SVGAGI	ASSYLNRDSALD	SLLMWITQV
6322	NSMFDY	ISSIKDK	AASADPKAGNTPLV	MNHEY	SMNVEV	ASGPLRGGNQPQH	HPVTKYIM
6631	DSVNN	IPSGT	AAQSNMEYGNKLV	SGHNT	YYREEE	ASSSPDRGGTNEKLF	RLITGRLQSL
6830	TSINN	IRSNERE	ARVFYILTGGGNKLT	LNHDA	SQIVND	ASSYPSLGTESYNEQF	TTDPSFLGRY
10728	DRGSQS	IYSNGD	AMSAGDTGFQKLV	SNHLY	FYNNEI	ASSEPRSLAGGTYEQY	AVFDRKSDAK
11103	NSAFQY	TYSSGN	AFLPGGGYQKVT	SGHNT	YYREEE	ASSPEGGRTGNTIY	HPVTKYIM
12891	VSGNPY	YITGDNLV	AVRERNAGNNRKLI	DFQATT	SNEGSKA	SARGADTQY	NLVPMVATV
15344	DSSSTY	IFSNMDM	AEKLAGTALI	SGHRS	YFSETQ	ASSHTSGNGDTQY	NLVPMVATV
17042	NSASQS	VYSSG	VVLMNRDDKII	SEHNR	FQNEAQ	ASSLGAGRGYEQY	HPVTKYIM
17318	DSASNY	IRSNVGE	AATASRAGTALI	SGHDN	FVKESK	ASSQAGGEDEQY	HPVTKYIM
17680	NSASQS	VYSSG	VVNARGYDKVI	SGHDY	FNNNVP	ASSPSTGKVSTEAF	LTDEMIAQY
20869	DSSSTY	IFSNMDM	AEDNNARLM	DFQATT	SNEGSKA	SASRPYSNQPQH	GLCTLVAML
21383	TSINN	IRSNERE	AKNAVDGQNFV	SGHDN	FVKESK	ASSQEPGQVY	KSKRTPMGF
23513	NSAFQY	TYSSGN	AMSGDTDKLI	DFQATT	SNEGSKA	SARREFGTSGGSSYNEQF	NLVPMVATV
24245	TSINN	IRSNERE	ATRPPGAGSYQLT	SEHNR	FQNEAQ	ASSHDYRGRRSPLH	TPRVTGGGAM
24777	SSVPPY	YTSAATLV	AVIGGYQKVT	DFQATT	SNEGSKA	SAGQGSNEKLF	KLGGALQAK
25394	TRDTTYY	RNSFDEQN	ALREPMEYGNKLV	SGHDN	FVKESK	ASSLYGANVLT	IVTDFSVIK
25753	NSASQS	VYSSG	VVNGKGDDMR	SGHVS	FQNEAQ	AIASQNTGELF	YLQPRTFLL
26187	DRGSQS	IYSNGD	AVNTLMYSGGGADGLT	SEHNR	FQNEAQ	ASSPDIEAF	YLQPRTFLL
26199	TSINN	IRSNERE	ATEDYKLS	SEHNR	FQNEAQ	ASSEGAWAGNTIY	SPRWYFYYL
27414	DSSSTY	IFSNMDM	AENRCSTLT	SGDLS	YYNGEE	ASSVAGGDEQF	GLCTLVAML
27480	NSASQS	VYSSG	VVNGGQAGTALI	SGHTA	FQGNSA	ASSWGGGSHYGYT	IVTDFSVIK
28144	TSESDYY	QEAYKQQN	ALMSQRTSYQLT	LGHNA	YNFKEQ	ASSQGYTDTQY	YSEHPTFTSQY
30815	TRDTTYY	RNSFDEQN	ALSAPGGGSNYKLT	SGHDY	FNNNVP	ASSSGTGIPDTQY	KLGGALQAK
33696	SVFSS	VVTGGEV	GAHGSSNTGKL	LNHDA	SQIVND	SSIRSAYEQ	GILGFVFTL
34794	NSASQS	VYSSG	VALMNRDDKII	SGDLS	YYNGEE	ASSVGDGSPWKY	HPVTKYIM
36746	TISGNEY	GLKNN	IVRVPSGGGNKLT	PRHDT	FYEKMQ	ASSSPGENTGELF	KLGGALQAK
38570	SVFSS	VVTGGEV	AGTQGGSQGNLI	LNHDA	SQIVND	ASSMLSQDIQY	GILGFVFTL
38621	TSINN	IRSNERE	ATVGATDSWGKLQ	SGHNT	YYREEE	ASSPWDTGGETQY	KLGGALQAK
39525	TISGTDY	GLTSN	ILKNSGGSNYKLT	SQVTM	ANQGSEA	SVSPGLRQETQY	HPVTKYIM
40641	DSVNN	IPSGT	AVDNYGQNFV	LGHNA	YNFKEQ	ASSQELSYEQY	IVTDFSVIK
40644	DSVNN	IPSGT	AVEPLYGNKLV	SGHVS	FNYEAQ	ASSPTQGAVNEQY	KLGGALQAK
40786	TISGTDY	GLTSN	ILTSGTYKYI	SNHLY	FYNNEI	ASSEGTGELYGYT	KSKRTPMGF
40855	KTLYG	LQKGGEE	GAQGAGNNRKLI	SEHNR	FQNEAQ	ASSLPRNSSGSSYNEQF	LLDDFVEII
41694	VSNAYN	GSKP	AVEDGARLM	MDHEN	SYDVKM	ASSSGQDFYGYT	KLGGALQAK
41795	DSSSTY	IFSNMDM	AESALGGSQGNLI	MNHNS	SASEGT	ASRSWVRAPNQPQH	ALWEIQQVV
41942	TSESDYY	QEAYKQQN	AYEAGYQLT	LGHNA	YSLEER	ASSQDRGGLTGELF	RPPIFIRRL
42517	DSASNY	IRSNVGE	AASQKSSGDKLT	SGHAT	FQNNGV	ASSWGTDGYT	KTFPPTEPK
42977	NSASQS	VYSSG	VVNKDNFNKFY	SGHDN	FVKESK	ASRPQQGKGSYEQY	LLWNGPMAV
44186	TRDTTYY	RNSFDEQN	ALEYNFNKFY	DFQATT	SNEGSKA	SAAIAASYNEQF	QYIKWPWYI
44969	SIFNT	LYKAGEL	AGRGAGSARQLT	MGHRA	YSYEKL	ASSQGGDDTEAF	LTDEMIAQY
45237	VGISA	LSSGK	AVRRGVDSNYQLI	SGHNT	YYREEE	ASSFKQGALSSYNEQF	SPRWYFYYL
46237	SSVSVY	YLSGSTLV	AVSSNTGKLI	LNHDA	SQIVND	ASSTRPSYEQY	GILGFVFTL
46784	SVFSS	VVTGGEV	AGGWVLTTSGTYKYI	MGHRA	YSYEKL	ASAWSGVGNQPQH	VYFLQSINF
47054	TSDQSYG	QGSYDEQN	AMSPRDDKII	SGDLS	YYNGEE	ASSSQGGGTGELF	HPVTKYIM
47119	NIATNDY	GYKTK	LVGEGPAGGYQKVT	SGHDN	FVKESK	ASSPRDREHNGYT	CINGVCWTV
48390	YGGTVN	YFSGDPLV	AVIVAGSYQLT	DFQATT	SNEGSKA	SARGGATGTNTGELF	IVTDFSVIK
48683	NSMFDY	ISSIKDK	AAGAGTASKLT	PRHDT	FYEKMQ	ASSSDLGGGTDTQY	TTDPSFLGRY
48717	TSDPSYG	QGSYDQQN	AMRERTGNQFY	SGHNS	FNNNVP	ASSLGLAGALTGELF	HPVTKYIM
50361	DRGSQS	IYSNGD	AVPSGGYQKVT	PRHDT	FYEKMQ	ASTLSGGAVFEQY	LLWNGPMAV
52705	YGATPY	YFSGDTLV	AVGDNFNKFY	SGHDT	YYEEEE	ASSWNRDRYNTEAF	AVFDRKSDAK
54451	DSSSTY	IFSNMDM	AESIKGNTPLV	SGHVS	FQNEAQ	ASSFIPGEAF	KTFPPTEPK
54915	DRGSQS	IYSNGD	AEGGRGGNKLT	MGHRA	YSYEKL	ASSQEGQARGYT	ELAGIGILTV
55458	VSNAYN	GSKP	AALISGGYNKLI	LNHNV	YYDKDF	ATSLRTDSYEQY	FTSDYYQLY
55462	SVFSS	VVTGGEV	AGGRSGNTGKLI	SGHVS	FNYEAQ	ASSKGPGHKYNEQF	NYMPYFFTL
56652	YGGTVN	YFSGDPLV	AVIAMNRDDKII	MNHEY	SVGEGT	ASRPGPATSADYTDTQY	HPVTKYIM
56860	NIATNDY	GYKTK	LVAAPGNKLT	MNHNS	SASEGT	ASSDRTGRRNEQY	SPRWYFYYL
