611	TSGFNG	NVLDGL	AVSDSGAGSYQLT	SEHNR	FQNEAQ	ASSLFAGGAETQY	SLFNTVATLY
1506	SSVPPY	YTSAATLV	AVSDAIYNTDKLI	MNHEY	SVGAGI	ASSYGGISEKLF	AVFDRKSDAK
1585	ATGYPS	ATKADDK	ALSDNDYKLS	SGHDY	FNNNVP	ASSSSGFNSPLH	AVFDRKSDAK
1628	ATGYPS	ATKADDK	ALLDNAGNMLT	SGDLS	YYNGEE	ASSVGTGLGQPQH	SLFNTVATLY
4954	NSASQS	VYSSG	VVNNNNDMR	SGHNS	FNNNVP	ASGEANTGELF	YLQPRTFLL
8574	NSASQS	VYSSG	VVLMNRDDKII	SEHNR	FQNEAQ	ASSLGAGRGYEQY	HPVTKYIM
9516	YGATPY	YFSGDTLV	AVGAPHTSGTYKYI	MGHRA	YSYEKL	ASSPSTGTGGIYEQY	RFPLTFGWCF
9916	SVFSS	VVTGGEV	AGGGSQGNLI	LNHDA	SQIVND	ASSSRSHQPQH	GILGFVFTL
10982	DRGSQS	IYSNGD	AVLNARLM	MNHEY	SVGAGI	ASSSGGARETQY	ELAGIGILTV
13140	SSVSVY	YLSGSTLV	AVSDLYNFNKFY	SGHAT	FQNNGV	ASSWPMRGEAF	SPRWYFYYL
15153	NSASQS	VYSSG	VVSITDKLI	LNHNV	YYDKDF	ATSGGPAYEQY	LLWNGPMAV
15631	DSVNN	IPSGT	AVEPLYGNKLV	SGHVS	FNYEAQ	ASSPTQGAVNEQY	KLGGALQAK
16763	SIFNT	LYKAGEL	AGPNYGGSQGNLI	MNHEY	SMNVEV	ASSYLNSPLH	KTFPPTEPK
17704	SVFSS	VVTGGEV	AGALDSGYALN	SGHDT	YYEEEE	ASSLETANTEAF	SLFNTVATLY
18564	YGATPY	YFSGDTLV	AVVLWVNNQGGKLI	MDHEN	SYDVKM	ASSLEGGSNQPQH	SLFNTVATLY
19211	NSASQS	VYSSG	VARYNFNKFY	GTSNPN	SVGIG	AWSVLGGNTEAF	AVFDRKSDAK
19506	DRGSQS	IYSNGD	AFRMNRDDKII	MGHRA	YSYEKL	ASSQDRSGEGYT	RAKFKQLL
22469	DSAIYN	IQSSQRE	AVRNLHSGYSTLT	SGHVS	FNYEAQ	ASSLGGGDYEQY	FLRGRAYGL
23450	TRDTTYY	RNSFDEQN	ALSEAGFGNVLHCFGNVLH	MDHEN	SYDVKM	ASSLSPSTEAF	NQKLIANQF
23480	VSGNPY	YITGDNLV	AVRDTGGYNKLI	SGHVS	FNYEAQ	ASSPTTGADTQY	TSTLQEQIGW
25262	NSASQS	VYSSG	VVNSPTGTASKLT	WSHSY	SAAADI	ASSDMTSASDTQY	YSEHPTFTSQY
27499	TSINN	IRSNERE	ATAQVYSGGGADGLT	SGHTA	FQGTGA	ASSRLAGNTDTQY	QIKVRVDMV
27771	TISGNEY	GLKNN	IGSRTGTASKLT	SEHNR	FQNEAQ	ASSLVSRGEGSPLH	KLGGALQAK
28940	DSAIYN	IQSSQRE	AVTDSWGKLQ	MDHEN	SYDVKM	ASRRPGRFTDTQY	QYIKWPWYI
29268	TSGFNG	NVLDGL	AVRERDGQKLL	LNHDA	SQIVND	ASSIGNVEAF	KVYPIILRL
31228	TSGFNG	NVLDGL	AVLDSNYQLI	SGHDY	FNNNVP	ASGRLSYNEQF	RAKFKQLL
32265	TSINN	IRSNERE	ATEGDSGYSTLT	MDHEN	SYDVKM	ASSTDRAAQPQH	FLYALALLL
32645	DSSSTY	IFSNMDM	AESNGMR	SGHTA	FQGNSA	ASSRSSYEQY	AVFDRKSDAK
33500	SSYSPS	YTSAATLV	VVSDPTSGTYKYI	LGHNA	YNFKEQ	ASSQDRGGVYEQY	AVFDRKSDAK
33577	NSASQS	VYSSG	VVNIPQAGTALI	DFQATT	SNEGSKA	SARGLAEANTGELF	YLQPRTFLL
33811	YGGTVN	YFSGDPLV	AVTYGGSQGNLI	LGHNA	YNFKEQ	ASSQALAYEQY	LLWNGPMAV
33816	DSSSTY	IFSNMDM	AEAFNTGGFKTI	SGHAT	FQDESV	ASSLIPGQGVNGELF	CINGVCWTV
35994	TISGTDY	GLTSN	IQSQGGSEKLV	SGHDT	YYEEEE	ASSLRDGSEAF	RAKFKQLL
36949	TSENNYY	QEAYKQQN	AFMKLAGANSKLT	LGHDT	YNNKEL	ASKSEKGAGGSPLH	SLFNTVATLY
38552	SSYSPS	YTSAATLV	VSDKII	MNHEY	SMNVEV	ASSLGAGTNEQF	KLGGALQAK
41094	SVFSS	VVTGGEV	AGGRSGNTGKLI	SGHVS	FNYEAQ	ASSKGPGHKYNEQF	NYMPYFFTL
42427	NSASQS	VYSSG	VVNMPGYSTLT	SGHNT	YYREEE	ASSDDLGGNTGELF	YLQPRTFLL
42786	DRGSQS	IYSNGD	AVAVGVSGGGADGLT	SGHAT	FQNNGV	ASSSGGPFYEQY	GILGFVFTL
44361	NSMFDY	ISSIKDK	AASARGGSNYKLT	SGDLS	YYNGEE	ASSVEGANEQY	CINGVCWTV
46063	VTNFRS	LTSSGIE	AVTHRFHTASKLT	WNHNN	SYGVQD	ASSDALQETQY	NLVPMVATV
50677	YGATPY	YFSGDTLV	AVGTPTSGTYKYI	SGHTA	FQGTGA	ASSRGEVPGTDTQY	SLFNTVATLY
52914	DRGSQS	IYSNGD	AVGSNDYKLS	SGHDT	YYEEEE	ASSFGGRSYEQY	SLFNTVATLY
55596	NSAFQY	TYSSGN	AMTKERGGYQKVT	KGHDR	SFDVKD	ATSDLVTSGDEQF	SPRWYFYYL
56053	NSMFDY	ISSIKDK	AAGAGTASKLT	PRHDT	FYEKMQ	ASSSDLGGGTDTQY	TTDPSFLGRY
56064	NIATNDY	GYKTK	LVAPIGNQGGKLI	MNHNS	SASEGT	ASSEAAASGSPDLYEQY	CINGVCWTV
