query	DSASNY	IRSNVGE	AASETSYDKVI	SGHDT	YYEEEE	ASSLRDGSEAF
query	DRGSQS	IYSNGD	AVTSGGYNKLI	SGHNT	YENEEA	ASSLGKGDDTEAF
query	TSGFNG	NVLDGL	VLMDSNYQLI	DFQATT	SNEGSKA	SARRADTEAF
query	DSAIYN	IQSSQRE	APYGGATNKLI	LGHNA	YNFKEQ	ASSQRPSEVGELF
query	TRDTTYY	RNSFDEQN	ALSDNEDSTLT	LNHDA	SQIVND	ASSPLAVTYNEQF
query	DSAIYN	IQSSQRE	AVRSSGGSNYKLT	SGHTA	FQGNSA	ASSPNFGTGGYEQF
query	DRGSQS	IYSNGD	AVNRDARLM	SQVTM	ANQGSEA	SVNRGIGNTEAF
query	TSGFNG	NVLDGL	AVVDSNYQLI	GTSNPN	SVGIG	ASSQEGEAHNEQF
query	SSVPPY	YTSAATLV	AVSDARNYQLI	KGHDR	SFDVKD	ATSDPGTTNTGELF
query	TSGFNG	NVLDGL	ASPRGSYIPT	MNHNS	SASEGT	ASYTPENTGELF
query	TSGFYG	NALDGL	AVSMADRGSTLGRLY	SGHVS	FQNEAQ	ASSLALLAGAGGELF
query	VGISA	LSSGK	AVRFLLGNQFY	SGDLS	YYNGEE	ASSVGAGPSYEQY
query	DRGSQS	IYSNGD	AVNTGGFKTI	MDHEN	SYDVKM	ASSLPMLYEQF
query	TSGFNG	NVLDGL	AVMDSNYQLI	DFQATT	SNEGSKA	SAREHREPYEQY
query	NSAFQY	TYSSGN	AMKKYNFNKFY	SGHDT	YYEEEE	ASSLRDGSEAF
query	VGISA	LSSGK	AVIPDFGNEKLT	KGHSH	LQKENI	ASRDGRESYEQY
query	ATGYPS	ATKADDK	ALSGTTDSWGKLQ	MNHEY	SMNVEV	ASTERGPADTQY
query	TSDPSYG	QGSYDQQN	AVKTGRRALT	MDHEN	SYDVKM	ASSFQGIRVEAF
query	DSASNY	IRSNVGE	AASEATNAGKST	LNHDA	SQIVND	ASNDLGNEQF
query	TRDTTYY	RNSFDEQN	ALSEHGAAGNKLT	KGHDR	SFDVKD	ATSAVTRGNQPQH
query	TSINN	IRSNERE	ATGNSGGSNYKLT	SGHAT	FQDESV	ASSFSNDYEQY
query	NSASQS	VYSSG	VVKRPGNVLHCFGNVLH	SGDLS	YYNGEE	ASSEGTSGGISDTQY
query	NSASQS	VYSSG	VVTGVHYGGSQGNLI	SNHLY	FYNNEI	ASSESGSPSYYEQY
query	VGISA	LSSGK	AVRLLLRNQFY	SGDLS	YYNGEE	ASSVGAGPTYEQY
query	DRGSQS	IYSNGD	AVSGGKST	SQVTM	ANQGSEA	SVQRRADEQF
query	NSASQS	VYSSG	VVKSDSYIPT	KGHDR	SFDVKD	ATSDSGLAGDYNEQF
query	SVFSS	VVTGGEV	AGPYNAGGTSYGKLT	WSHSY	SAAADI	ASSDSYGNQPQH
query	NSASQS	VYSSG	VVNRNDDMR	SQVTM	ANQGSEA	SAQWDRNTGELF
query	TSGFNG	NVLDGL	AVMDSSYKLI	DFQATT	SNEGSKA	SARTGEAGYT
query	YGATPY	YFSGDTLV	AVGPGSNNDMR	DFQATT	SNEGSKA	SATRLAGGPTDTQY
query	KTLYG	LQKGGEE	GADICSGGSNYKLT	KGHSH	LQKENI	ASSPWRGVCTGELF
query	TSENNYY	QEAYKQQN	AFLPGGAQKLV	MGHDK	SYGVNS	ASSVRADTQY
query	VGISA	LSSGK	AVRSNFGNEKLT	SGHVS	FQNEAQ	ASSLILAGLNQPQH
query	VGISA	LSSGK	AVRSYNTDKLI	DFQATT	SNEGSKA	SANDRGRGYNSPLH
query	DSSSTY	IFSNMDM	AESTGTYKYI	SQVTM	ANQGSEA	SVGTGELF
query	VSPFSN	MTFSENT	VVSGGGGFKTI	SGHNS	FNNNVP	ASILASYTDTQY
query	NSAFQY	TYSSGN	AILGDYKLS	MNHEY	SVGAGI	ASSYTTGGRKNEQF
query	SIFNT	LYKAGEL	AGQRDDMR	KGHDR	SFDVKD	ATSGDRGWQY
query	SSVSVY	YLSGSTLV	AVSDRNTNAGKST	WSHSY	SAAADI	ASSEQVTGDNEQF
query	TSGFYG	NALDGL	AVNDYGQNFV	SGHTA	FQGTGA	ASSRLAASTDTQY
query	VSNAYN	GSKP	AVESHDSGGYQKVT	SEHNR	FQNEAQ	ASSQAMRGEKLF
query	DRGSQS	IYSNGD	AVNWEEQGGSYIPT	MDHEN	SYDVKM	ASSLGTTDHNQPQH
query	TSENNYY	QEAYKQQN	AFGRGAQKLV	GTSNPN	SVGIG	AWTETGLSGNTIY
query	TTLSN	LVKSGEV	AGSIMNYGGSQGNLI	SGDLS	YYNGEE	ASSVSSGLYYEQY
query	TSINN	IRSNERE	ATDGEGYQKVT	SGDLS	YYNGEE	ASTGGGAPYNEQF
query	NSASDY	IRSNMDK	ADPYSGNTPLV	MNHNS	SASEGT	ASHRPSYEQY
query	NSAFQY	TYSSGN	AMSAGNYGQNFV	MNHEY	SMNVEV	ASSSETGRGETQY
query	VSGNPY	YITGDNLV	AVMLSQGNLI	LNHDA	SQIVND	ASAGPGNTIY
query	TSGFNG	NVLDGL	AVNNSRLI	DFQATT	SNEGSKA	SARMVSYEQY
query	TISGTDY	GLTSN	ILSNNNDMC	GTSNPN	SVGIG	AWSISDLAKNIQY
query	TISGNEY	GLKNN	IVIHLSDGQKLL	LNHDA	SQIVND	ASSIGGGQNTEAF
query	TISGTDY	GLTSN	IRVGSNTGKLI	SGHTS	YDEGEE	ASSLDSPPGVTEAF
query	TSGFNG	NVLDGL	AVMDSNYQLI	SGHDT	YYEEEE	ASSLRDGSEAF
query	SIFNT	LYKAGEL	AGLPYGNKLV	MNHEY	SMNVEV	ASSQGGPNDNEQF
query	SIFNT	LYKAGEL	AGRDGGSQGNLI	SGHDT	YYEEEE	ASSSRSRQYRGSSYEQY
query	NIATNDY	GYKTK	LVGVRDDKII	ENHRY	SYGVKD	ATKPPGTDEQF
query	TSDPSYG	QGSYDQQN	AMREVMDSNYQLI	SGDLS	YYNGEE	ASSVAQLAGGTDTQY
query	DSAIYN	IQSSQRE	AVDLMKTSYDKVI	PRHDT	FYEKMQ	ASSPAHTGELF
query	YGATPY	YFSGDTLV	PGTGGFKTI	SGHVS	FNYEAQ	ASSLGGGDYEQY
query	TSENNYY	QEAYKQQN	AFLTDKLI	LGHNT	FRNRAP	ASGPQPYGQALTNYGYT
query	VGISA	LSSGK	AALNTDKLI	MNHEY	SMNVEV	ASSLWGGTEAF
query	NSASQS	VYSSG	VVNIPTNSGYALN	MRHNA	SNTAGT	ASSESQGYEQY
query	NIATNDY	GYKTK	LVGNNARLM	SGHNT	YYREEE	ASSLDRESMNTEAF
query	TSESDYY	QEAYKQQN	AYRSPYSGGGADGLT	KGHDR	SFDVKD	ATSDLGLAGDTQY
query	TSGFNG	NVLDGL	AVRMDSSYKLI	SEHNR	FQNEAQ	ASSSRDNVPETQY
query	TSGFYG	NALDGL	AVRAITGGGNKLT	SGHKS	YYEKEE	ASSLSLDSGANVLT
query	KTLYG	LQKGGEE	GAERPGSYQKVT	MNHEY	SVGEGT	ASKGQGDNQPQH
query	TSENNYY	QEAYKQQN	AFMKSRELDSSYKLI	SGHDY	FNNNVP	ASSFGPGWGNPSSYNEQF
query	TSINN	IRSNERE	ATGSMEYGNKLV	SGDLS	YYNGEE	ASRMGDINTGELF
query	DSAIYN	IQSSQRE	AVRRSASKII	SGHDT	YYEEEE	ASSSAGTDHEQY
query	DRGSQS	IYSNGD	AVKRSNFGNEKLT	LGHDT	YNNKEL	ASSQGFYLSGWDTGELF
query	TSGFNG	NVLDGL	AVKDSNYQLI	MDHEN	SYDVKM	ASSFGRLSGANVLT
