db	SVFSS	VVTGGEV	AGGSGTASKLT	MNHEY	SMNVEV	ASSVAGSYGDTQY
db	DSSSTY	IFSNMDM	AESEGADGLT	DFQATT	SNEGSKA	SASEGYT
db	DSAIYN	IQSSQRE	AVITTDSWGKLQ	PRHDT	FYEKMQ	ASSSGLAGASNEQF
db	TRDTTYY	RNSFDEQN	ALTEVDSSYKLI	MNHEY	SMNVEV	ASSLAGGSYEQY
db	TSENNYY	QEAYKQQN	AFMKHEDSGAGSYQLT	LGHDT	YNNKEL	ASSQAISDREVWDQETQY
db	NSAFQY	TYSSGN	AMRGYQKVT	LGHDT	YNNKEL	ASSHELTRADTQY
db	NSAFQY	TYSSGN	AMIEWDTGRRALI	SQVTM	ANQGSEA	SVEDLGAGVSNEQF
db	DSASNY	IRSNVGE	AAERDDKII	SGHDY	FNNNVP	ASSMTSGSPYNEQF
db	DSAIYN	IQSSQRE	AVESGNTGKLI	LNHDA	SQIVND	ASSISSTGELF
db	TSGFNG	NVLDGL	AVRDNNARLM	ENHRY	SYGVKD	AIDPTGSLNQPQH
db	SSVSVY	YLSGSTLV	TSNYQLI	SGHAT	FQNNGV	ASSLFRETEAF
db	NSASQS	VYSSG	VGGGGSNYKLT	MNHEY	SMNVEV	ASSLTPPGSYNEQF
db	VSGNPY	YITGDNLV	AVRDGHRDDKII	SEHNR	FQNEAQ	ASSLGVRAQKTQY
db	DSSSTY	IFSNMDM	AESQGNLI	SGHDN	FVKESK	ASSQSPGGEQF
db	TSESDYY	QEAYKQQN	AYRTPLRDDKII	MDHEN	SYDVKM	ASSDTAGSSYNEQF
db	TSENNYY	QEAYKQQN	AYYPWNTGNQFY	WNHNN	SYGVQD	ASSDGSYEQY
db	TRDTTYY	RNSFDEQN	ALSEVDRLM	MDHEN	SYDVKM	ASSLTGTDTQY
db	TSESDYY	QEAYKQQN	AYNTGGFKTI	MDHEN	SYDVKM	ATGPRGSSYNEQF
db	NSASQS	VYSSG	VVIGPFNDYKLS	SQVTM	ANQGSEA	SVEKGNNYGYT
db	SSVPPY	YTSAATLV	AVRNDYKLS	MNHEY	SVGEGT	ASSYPTSGYNEQF
db	DSAIYN	IQSSQRE	AVLGNQFY	SGHTA	FQGTGA	ASSLVAGTDGYT
db	TSDPSYG	QGSYDQQN	AMREGGSQGNLI	LNHDA	SQIVND	ASRFDGSNQPQH
db	TSINN	IRSNERE	ATDRDQGAQKLV	LGHNA	YNFKEQ	ASSQEVGIWQTQY
db	TSENNYY	QEAYKQQN	AFFEYDNNARLM	LGHDT	YNNKEL	ASSYEDHEQY
db	DRGSQS	IYSNGD	AGYPGYSTLT	SEHNR	FQNEAQ	ASSLGQYNSPLH
db	DSSSTY	IFSNMDM	AESMSYQKVT	SGHRS	YFSETQ	ASSLEASTDTQY
db	SSVSVY	YLSGSTLV	AVSPYNNNDMR	SGHNS	FNNNVP	ASRPLAAQETQY
db	TSENNYY	QEAYKQQN	AFLQGGSEKLV	MDHEN	SYDVKM	ASSLFGLAGVEETQY
db	TSESDYY	QEAYKQQN	AYRSPVSGNQFY	MDHEN	SYDVKM	ASTPPRGPQH
db	TSENNYY	QEAYKQQN	AFMKHEDTGGNTPLV	SGHVS	FNYEAQ	ASSLSQGIYYEQY
db	NSASDY	IRSNMDK	AEMEGTALI	MGHRA	YSYEKL	ASSQGAAEAF
db	VSNAYN	GSKP	AVENYQLI	KGHSH	LQKENI	ASSQGQEKETQY
db	DRGSQS	IYSNGD	AVSGGNQFY	SGHNT	YYREEE	ASSLTGETEKLF
db	TRDTTYY	RNSFDEQN	ALSEATSGTYKYI	MNHEY	SMNVEV	ASSLITGDTEAF
