db	TSINN	IRSNERE	ATDSPTDSWGKLQ	LGHNA	YNFKEQ	ASSQEQWSGETSNYGYT
db	DRGSQS	IYSNGD	AVNGNKLV	ENHRY	SYGVKD	AISDSPNTGELF
db	NSASDY	IRSNMDK	AENWYSSASKII	SEHNR	FQNEAQ	ASSLNRENIQY
db	TSINN	IRSNERE	ATVRPYSGYSTLT	MNHEY	SMNVEV	ASSLDRTSSPLH
db	TSGFNG	NVLDGL	ASMDSNYQLI	LNHDA	SQIVND	ASSPGQGHTDTQY
db	NSASDY	IRSNMDK	YQGGSYIPT	LGHNA	YSLEER	ASSQDRGGLGEKLF
db	TTSDR	LLSNGAV	AVDNNNDMR	MNHEY	SVGAGI	ASSYSSYGGHNEQF
db	NSASDY	IRSNMDK	AAQLYGQNFV	MNHEY	SMNVEV	ASSFEGEQY
db	TSENNYY	QEAYKQQN	AFLASINDNNARLM	SGHDT	YYEEEE	ASSLGRGSKKLF
db	NSAFQY	TYSSGN	AMKSANNARLM	SEHNR	FQNEAQ	ASSFAGDEQY
db	KALYS	LLKGGEQ	GTTNRDDKII	SGHRS	YFSETQ	ASSPSSGAVDEQF
db	TRDTTYY	RNSFDEQN	ALGGSYIPT	SGHAT	FQNNGV	ASSSDQLDRGSYEQY
db	TRDTTYY	RNSFDEQN	ALRGNTGGFKTI	MNHEY	SMNVEV	ASSLSGATYNEQF
db	TSGFNG	NVLDGL	AVSDSNYQLI	GTSNPN	SVGIG	AWRTGFGDTGELF
db	TSGFNG	NVLDGL	AVGDLWGDYKLS	MNHEY	SVGAGI	ASSSRQGAYYEQY
db	NYSPAY	IRENEKE	ALLEMVIKAAGNKLT	MDHEN	SYDVKM	ASSTDRAAQPQH
db	NSASQS	VYSSG	VVTHITRGNTGKLI	SEHNR	FQNEAQ	ASSPGAYEQY
db	VGISA	LSSGK	AVRDHRYNNNDMR	SGHDT	YYEEEE	ASSLTRRYT
